name,min_frames,max_frames,mean_frames,median_frames,threshold_frames,min_lips,max_lips,mean_lips,median_lips,threshold_lips
R_103_391,0.5173025173611111,28.546304253472222,3.7734029763525756,2.7101649305555555,7.172381400854789,0.0,1551.0,68.66666666666667,22.0,269.32115134673114
R_100_135,0.09929253472222223,0.7117220052083333,0.31920477735136454,0.3021799045138889,0.43844120058903646,0.0,174.0,51.14035087719298,37.0,93.5586680876223
R_104_335,0.2164572482638889,2.6190831163194446,0.7958044994212962,0.72595703125,1.2494173162004332,3.0,1969.0,244.6216216216216,68.0,632.6328607560927
R_105_97,0.05511176215277778,32.696842447916666,1.623548611111111,0.9911317274305556,4.781582794575037,0.0,4392.0,306.3267326732673,54.0,932.784543140393
R_10_203,1.446648220486111,5.735890842013889,2.9646358282447314,2.7154134114583335,3.9549977580646,0.0,1956.0,372.93023255813955,164.0,868.5113992775001
R_100_345,0.3134765625,72.43816514756945,1.80487392526455,0.89658203125,9.57138524028938,6.0,1352.0,302.5243902439024,185.5,623.8582423775786
R_106_320,0.3045095486111111,2.3141829427083334,1.1083741282971524,0.9402669270833334,1.7078110140959948,0.0,291.0,86.81818181818181,34.0,184.5625777810643
R_107_334,0.119833984375,18.793135850694444,1.6082807763585756,0.9293717447916667,4.038416511718574,0.0,324.0,26.175824175824175,10.0,77.43332824324665
R_107_437,0.5102528211805556,2.5699696180555556,1.6241057084369817,1.536467013888889,2.1012757361282155,0.0,22.0,5.464285714285714,4.5,10.752291974123313
R_100_128,0.10105685763888889,0.5813498263888889,0.3183347077546297,0.30937391493055555,0.4436517310423344,0.0,136.0,30.91111111111111,16.0,64.76492902954271
R_101_206,0.1395703125,3.4460731336805557,1.0115330428306504,0.5635639105902778,1.8551630284151135,0.0,3559.0,166.54545454545453,35.0,627.2381372894768
R_105_210,0.07059461805555556,17.435262586805557,1.0109524559890306,0.9606673177083334,2.4246704820578615,0.0,5706.0,405.4375,138.0,1216.3322525204358
R_106_364,1.1515549045138889,5.534408637152778,2.747908722886661,2.5378461371527776,3.7118989874785866,0.0,1165.0,161.37777777777777,80.0,385.8925918288667
R_10_122,1.9405414496527778,7.2210883246527775,4.036795188969018,3.8367860243055554,5.163389171527946,1.0,1103.0,154.85714285714286,100.0,368.11336829282584
R_105_60,0.05563368055555556,60.37422960069444,2.2093374794407894,1.1675726996527778,10.009042809034405,5.0,3346.0,477.475,152.0,1180.5150055295576
R_107_434,1.0138118489583334,11.992537977430555,4.048477511935764,2.8188020833333334,6.829017373556702,67.0,168.0,127.5,137.5,165.06660751252366
R_106_213,0.13106770833333334,59.38999674479167,1.3801922075320514,0.37786892361111113,8.649456242906155,2.0,35.0,22.333333333333332,30.0,36.85534727386131
R_100_30,0.11754665798611111,33.34842122395833,0.861749760791509,0.49358723958333334,4.351714312560983,0.0,465.0,42.241379310344826,19.0,114.26148594048696
R_101_378,0.10390299479166666,32.33782118055556,1.5234425586685827,1.2476280381944445,4.181461115785143,40.0,4426.0,826.65625,430.0,1822.9069905698314
R_10_273,0.6090635850694445,4.817272135416666,2.1316049546588456,1.8400716145833333,3.053926855709186,1.0,2790.0,386.8529411764706,138.5,910.4460026850975
R_100_150,0.4191015625,29.207705078125,1.5586039299242427,1.0066080729166667,5.341235057368682,0.0,379.0,59.132075471698116,26.0,142.7676365947734
R_106_141,0.34789822048611113,1.0594563802083334,0.6515880117490311,0.6016417100694444,0.8280015098618636,5.0,707.0,160.09756097560975,107.0,314.04430578677363
R_104_425,0.2900922309027778,53.55367947048611,1.9190195820404852,0.7330805121527778,9.53713388279888,1.0,858.0,113.57777777777778,11.0,331.18757013187906
R_101_107,0.011784939236111111,42.36303602430556,1.895992662217882,1.082702907986111,6.674402779250231,0.0,1765.0,86.17777777777778,4.0,406.80946602173924
R_106_243,0.04119683159722222,41.39798177083333,0.9389970296223957,0.4086518012152778,5.496298254760687,0.0,54.0,9.914285714285715,6.5,20.148322562181157
R_100_302,0.04060329861111111,41.285390625,0.9668169550207533,0.47991970486111113,5.322409864456278,0.0,298.0,20.627906976744185,8.5,63.40859336882295
R_104_31,0.28985026041666667,52.796016710069445,3.534437795663219,1.6497037760416666,10.394096322548437,0.0,18.0,5.51,4.0,9.821600630856246
R_103_248,0.32198893229166664,33.744623480902774,1.5367268820589128,1.1887760416666666,4.977131327108875,0.0,3312.0,96.73333333333333,11.0,514.4336458914054
R_101_44,0.16196614583333332,42.29456922743056,1.139648308762947,0.5414556206597223,4.985561001827374,3.0,1269.0,163.4,78.5,394.3234986358517
R_101_342,0.08862196180555555,28.13422092013889,1.2086675889756946,0.46219618055555556,5.029868573505149,0.0,2788.0,180.77611940298507,11.0,669.1943650831595
R_107_200,0.02845486111111111,60.615909288194445,1.4236208924617557,0.07878472222222223,9.174592698740081,0.0,958.0,96.75510204081633,12.0,285.8495639776844
R_100_269,0.2665668402777778,7.582157118055555,3.28570056199114,2.104992404513889,5.671591248861226,0.0,569.0,109.75438596491227,52.0,244.84490541641037
R_104_75,0.16357747395833333,19.19658203125,1.1200128141534396,0.6764539930555555,3.659286127783308,0.0,5955.0,716.3333333333334,189.5,1874.3162426634553
R_108_57,1.7563671875,12.75031467013889,6.417861565483942,6.129207899305555,9.084193315948333,0.0,439.0,70.88571428571429,24.0,182.60443542528526
R_106_40,0.19358072916666666,34.29578884548611,2.2956552463107647,1.4411919487847222,6.0339273778173945,1.0,22.0,9.166666666666666,7.5,16.76966315197136
R_103_348,0.10195203993055556,66.41796115451389,2.0744935481426365,0.9824826388888889,10.276207842183812,1.0,1648.0,179.5483870967742,80.5,471.57631756716245
R_107_444,0.21564453125,133.60046440972224,3.231477818080357,0.9834342447916666,19.17711239844945,9.0,4898.0,1127.235294117647,920.5,2189.747413323921
R_101_94,0.3055392795138889,1.8869411892361112,0.9729931069535817,0.8781168619791666,1.335201348665123,0.0,47.0,5.125,4.0,11.07783949698991
R_101_148,0.35291015625,30.095422092013887,2.6435529444629133,1.7724332682291668,7.24178112326287,3.0,2799.0,400.07246376811594,167.0,990.2537505527287
R_106_283,0.15983615451388888,1.1764420572916667,0.5854761679292929,0.5538346354166667,0.8377779746237117,1.0,3645.0,265.5272727272727,86.0,929.906924721124
R_100_387,0.38067599826388887,1.1767361111111112,0.7086291837431694,0.6800640190972222,0.8983236939464454,2.0,56.0,27.0,16.0,48.4289523775662
R_105_199,0.031404079861111114,19.099940321180554,1.4298037496899796,1.1891080729166665,3.130385108334237,0.0,1105.0,246.35,36.5,584.010669163585
R_105_325,0.015322265625,23.918901909722223,1.2890039524231685,1.141008029513889,3.7536366164306814,0.0,54.0,6.3023255813953485,4.0,15.484043725623216
R_106_280,0.19676649305555555,80.77011284722222,2.595401087212791,0.6025672743055556,14.724520101185279,4.0,704.0,105.31645569620254,49.0,245.25799360760158
R_104_30,0.07950629340277778,37.39256401909722,1.415945984640239,1.2230387369791669,4.482029442533788,0.0,1139.0,71.33064516129032,6.0,240.52392658886032
R_103_406,0.10380099826388889,24.714788411458333,0.9413920490546432,0.5776638454861112,3.4635746516069803,0.0,1390.0,71.59633027522936,15.0,273.07376859443855
R_104_6,0.5630056423611111,50.276057942708334,2.353899052372685,1.493244900173611,8.610508926655193,1.0,493.0,92.39393939393939,50.0,201.52436994545866
R_103_24,0.5690690104166667,48.66016384548611,1.9577228695222701,0.988669704861111,8.157236153371574,0.0,109.0,18.38095238095238,7.0,43.29791197243238
R_103_323,0.23765299479166666,54.67844184027778,1.5405721182193393,0.45953016493055554,8.91205192594361,0.0,1302.0,345.4313725490196,155.0,732.9347567165046
R_107_190,0.11678493923611111,23.642004123263888,1.1213053944730813,0.5244997829861111,3.902080632486904,0.0,3309.0,285.2842105263158,23.0,973.7152973677223
R_106_191,3.3508257378472224,7.3352256944444445,4.734717236069775,4.549642469618055,5.583848282356797,0.0,1113.0,143.17391304347825,19.0,421.91590878333074
R_101_151,0.6748014322916667,30.21623046875,3.25871965268543,2.4135628255208337,7.225101650055517,1.0,5298.0,542.4166666666666,61.0,1780.440032426242
R_105_321,0.028937717013888888,0.806083984375,0.27539271763392853,0.2401117621527778,0.4610412362369818,0.0,644.0,93.04651162790698,53.0,219.55194923295704
R_107_190,0.11678493923611111,23.642004123263888,1.1213053944730813,0.5244997829861111,3.902080632486904,0.0,3309.0,287.0,30.5,968.8491402062483
R_107_414,0.318115234375,4.762231987847223,1.923552747527358,1.8759581163194445,2.839607073031166,0.0,19.0,5.8125,4.0,10.802724819584785
R_103_391,0.5173025173611111,28.546304253472222,3.7734029763525756,2.7101649305555555,7.172381400854789,0.0,1551.0,68.66666666666667,22.0,269.32115134673114
R_100_345,0.3134765625,72.43816514756945,1.80487392526455,0.89658203125,9.57138524028938,6.0,1352.0,302.5243902439024,185.5,623.8582423775786
R_101_171,0.5129503038194444,32.322291666666665,5.790795015137168,6.056440972222222,10.860688470443879,4.0,942.0,161.40540540540542,83.0,363.8725478126745
R_100_182,0.5906271701388889,34.806614583333335,1.9528461027061286,1.272009006076389,5.446327919688186,0.0,108.0,18.916666666666668,8.0,44.01466902187856
R_105_191,0.022068142361111112,16.759340277777778,0.7818531048487104,0.5060004340277777,2.728611579767027,0.0,778.0,55.990566037735846,22.0,160.20827134580526
R_10_251,1.1501356336805555,5.304554036458334,2.781629238816739,2.3055067274305556,3.9211915509083735,0.0,2510.0,246.18666666666667,70.0,650.898702344162
R_107_196,0.08754991319444444,25.39718532986111,0.882764573034369,0.2995062934027778,3.615468667294307,0.0,406.0,47.8448275862069,16.5,125.3313785269631
R_104_13,0.10538736979166667,1.363322482638889,0.5125030894338349,0.42326551649305555,0.7965395355990978,0.0,494.0,57.647887323943664,28.0,148.92815509452478
R_101_403,0.2695182291666667,8.987425130208333,2.296893700703018,0.9082866753472222,4.865674677031061,0.0,1.0,0.5,0.5,1.0
R_101_277,0.09408854166666666,22.13294921875,1.3042604194850291,0.7589724392361111,4.65349630423455,5.0,2966.0,324.4266666666667,128.0,858.6615257148405
R_106_194,3.9175260416666666,14.442682291666667,8.14284292715567,7.158366427951389,11.250344982508466,0.0,39.0,11.571428571428571,2.0,25.922706691284986
R_101_134,0.14571723090277777,48.370146484375,1.361498168089965,0.7352810329861111,5.885552622565486,0.0,1067.0,92.97727272727273,50.5,277.65949225785937
R_104_0,0.20879557291666667,36.90635525173611,1.275169434764688,0.6636729600694444,5.575673719522823,0.0,212.0,25.53125,8.0,66.9035316642274
R_107_449,0.24297526041666667,27.267983940972222,1.3934547726980457,1.2176063368055556,3.67701967383487,3.0,973.0,147.92537313432837,69.0,339.4097018982619
R_106_449,0.162998046875,41.512302517361114,1.010336427895022,0.44836588541666667,5.6593521667553315,0.0,1915.0,152.05194805194805,76.0,402.13260496834675
R_107_225,0.09694227430555556,0.8709505208333334,0.40283087003533136,0.4053493923611111,0.5717748152593873,6.0,1205.0,250.03571428571428,153.0,509.3387612270513
R_104_263,0.7992437065972222,5.047559678819445,2.8725928236721963,2.8968619791666663,3.736755357543598,0.0,208.0,55.388888888888886,24.0,114.08361597449958
R_106_389,0.05001302083333333,27.676920572916668,0.5147130249669314,0.17309787326388887,3.4972783328539467,55.0,525.0,250.54545454545453,208.0,401.84128975603164
R_106_234,0.016856553819444446,49.120319010416665,1.3223460641746556,0.473193359375,7.080109501449453,0.0,667.0,20.12857142857143,4.0,101.09768748588085
R_105_402,0.06573784722222223,2.8932009548611113,1.077380948406339,0.9643663194444444,1.8168028761485755,0.0,225.0,7.911111111111111,4.0,31.486354455887685
R_106_443,0.14778211805555555,57.20512912326389,1.8876966190121882,0.372705078125,10.295777988569668,0.0,1676.0,214.94736842105263,28.0,587.708513008478
R_105_336,0.028174913194444446,49.233318142361114,4.759978875054254,3.226640625,10.713785248748795,0.0,1555.0,393.625,209.5,855.9362959630123
R_10_215,0.8437673611111111,5.526167534722222,2.7438652863865935,2.6813585069444446,3.6965926094063777,0.0,2029.0,100.825,11.0,362.77399829610596
R_10_131,1.0959450954861112,3.586586371527778,2.6904793453839875,2.7749072265625,3.2420313389456883,1.0,2590.0,425.19117647058823,230.5,941.0088670572386
R_103_80,0.5791037326388889,28.880441623263888,2.9761708100244353,2.426574978298611,6.664365105355273,2.0,421.0,104.1,66.5,214.10086363297336
R_104_409,1.0879014756944445,33.423794487847225,4.016467929007698,3.1664930555555557,8.788244258701223,170.0,170.0,170.0,170.0,170.0
R_104_103,0.44111002604166666,28.552242838541666,1.4486730789811642,0.9772493489583334,4.6779804982691715,0.0,462.0,42.30555555555556,15.0,116.3514570268143
R_100_376,0.052501085069444446,2.205788845486111,0.6504625223126955,0.6760378689236111,1.020454150774461,0.0,59.0,6.014925373134329,2.0,17.602995071008475
R_105_348,0.039916449652777776,4.169631076388889,1.7681383654161973,1.8302289496527777,2.913638816013457,0.0,658.0,31.94736842105263,11.0,107.62999778745106
R_10_132,1.2457877604166667,4.972845052083334,2.87221108068442,2.7761414930555555,3.6757681068670784,1.0,1682.0,375.22680412371136,235.0,757.8992436625027
R_10_152,0.9901692708333333,6.80357421875,3.4909670847505665,3.4641064453125,4.747243365451895,0.0,1442.0,195.31958762886597,37.0,495.3820054101976
R_107_200,0.02845486111111111,60.615909288194445,1.4236208924617557,0.07878472222222223,9.174592698740081,0.0,1010.0,102.6734693877551,13.0,308.14161456817413
R_106_361,0.2374945746527778,18.512779947916666,7.478652769536745,5.754772135416666,13.564531957507489,3.0,423.0,114.83333333333333,96.0,229.2214397469325
R_107_357,0.133681640625,25.57337890625,1.746798754647857,1.2180512152777778,5.076611337046176,0.0,1920.0,65.02479338842976,6.0,312.69778036156936
R_10_21,0.9083192274305556,5.934661458333333,2.6079315411603017,2.4231201171875,3.7393714380640803,0.0,1155.0,149.38541666666666,45.0,398.35405465947304
R_105_135,0.03476888020833333,25.538151041666666,2.647139149305556,1.87857421875,6.480926937976551,13.0,7276.0,1410.25,947.0,3002.9133097642552
R_107_224,0.14839301215277778,0.8998470052083334,0.46113413575542006,0.40444444444444444,0.6823994215059439,0.0,1076.0,211.925,117.5,459.28560594807743
R_107_228,0.059908854166666664,29.618248697916666,0.8086489478845164,0.22263671875000002,4.769118206021058,0.0,544.0,100.59615384615384,31.5,243.2175272060162
R_107_201,0.08431857638888889,69.20780056423611,2.6081751598011365,0.33842719184027775,14.282617112258775,1.0,2945.0,358.1904761904762,76.0,970.8018747324741
R_100_235,0.17877387152777777,32.976749131944445,2.1640069615771207,1.2527924262152776,6.668561953944242,0.0,30.0,9.615384615384615,9.0,17.326899098370546
R_105_295,0.05254991319444444,40.30194878472222,2.754843362475199,2.382523871527778,6.846388508466951,1.0,5543.0,654.3917525773196,458.0,1449.9503199743303
R_10_346,0.9786838107638889,7.093896484375,2.7080562739463585,2.257136501736111,4.01610775735028,0.0,1111.0,95.44444444444444,35.5,274.9163850622909
R_101_19,0.10808376736111111,1.9112337239583332,0.7081404335171566,0.6178786892361111,1.1529517365497313,1.0,828.0,130.30588235294118,41.0,324.90671201862995
R_101_260,0.1713617621527778,21.348141276041666,1.2288028345352564,0.47277994791666667,4.49796552514098,1.0,2681.0,226.58666666666667,37.0,738.1994393332172
R_107_156,0.5096766493055556,29.5158203125,2.9707489330150447,1.8672336154513889,6.805922240457382,0.0,6282.0,357.7378640776699,117.0,1113.542199485109
R_100_159,0.5223589409722222,2.5496223958333335,1.0742770842768723,0.9332459852430556,1.5216023162353671,0.0,962.0,79.91111111111111,22.0,251.51955718947897
R_103_58,0.2018771701388889,32.95398111979166,2.1677962094907417,1.3023307291666666,6.701140281340328,0.0,23.0,7.615384615384615,6.0,13.814496977879768
R_101_238,0.14739800347222223,31.336356336805554,2.077702591507523,1.0040104166666666,6.940717261844085,0.0,1607.0,172.45054945054946,35.0,475.5359747470666
R_10_53,0.6423838975694445,6.360135633680556,2.83447168848536,2.712160373263889,4.185155064758959,0.0,1046.0,100.27272727272727,22.0,292.00625016753276
R_105_235,0.065791015625,4.606257595486111,1.593575053418804,1.545876736111111,2.563983008372465,1.0,429.0,102.38461538461539,27.0,234.37035963902542
R_101_294,0.12887261284722223,30.984181857638887,1.6865797164351848,0.8876844618055555,6.200190258957428,0.0,3863.0,335.3534482758621,63.0,1050.9728840086084
R_101_292,0.22391710069444445,27.924337022569443,1.4776270723634009,0.793662109375,4.688491117027315,0.0,651.0,71.80681818181819,17.0,196.8347112474117
R_100_64,2.1406629774305554,25.975024956597224,10.73207423080633,8.009393988715278,18.29055998621515,409.0,2666.0,1062.0,842.0,1895.4614568172904
R_106_358,0.7106911892361111,2.743439670138889,1.6828956761853446,1.6771495225694446,2.1457934992992342,6.0,599.0,128.30434782608697,84.0,256.8038605244046
R_103_120,0.06826280381944444,45.66071506076389,0.8250514237813183,0.31596679687499996,5.292805123730846,0.0,993.0,78.93069306930693,15.0,252.33191940741347
R_107_391,0.7524565972222222,6.434633246527778,2.2102141988502364,1.8967013888888888,3.262926559942086,3.0,4193.0,680.2,340.0,1542.1655213522176
R_106_199,0.84265625,39.17030490451389,2.4898684303977263,1.5332964409722223,7.5565846163382275,13.0,775.0,163.42222222222222,80.0,351.19412745583736
R_104_232,0.10222547743055556,26.974483506944445,1.0091370498352923,0.3257546657986111,4.686164423419472,3.0,5057.0,463.05,77.0,1496.2111914411032
R_107_326,0.30184244791666665,22.744231770833334,1.1060265500142692,0.7836924913194444,3.6782706334377306,1.0,2251.0,319.44444444444446,82.5,867.6047233392444
R_105_25,0.07433919270833333,52.274970703125,1.7697143520349852,0.5206217447916667,7.57865123957478,0.0,1545.0,180.23728813559322,64.0,482.2052030875668
R_101_40,0.08263563368055556,32.79793619791667,1.2502599175347224,0.9724712456597222,4.475886349633571,0.0,2454.0,124.37373737373737,11.0,419.0407326381431
R_106_238,0.12059353298611111,1.1201410590277778,0.5976908406986533,0.5938351779513888,0.839572412456568,0.0,205.0,15.553846153846154,5.0,47.38949659565831
R_100_249,3.0928504774305554,7.7389116753472225,5.371659575508606,5.400634765625,6.567409081548449,0.0,20.0,3.9130434782608696,3.0,8.621158983089238
R_10_294,0.8608539496527777,4.039072265625,2.169702016111959,2.091799587673611,2.9135249627355044,0.0,193.0,20.7625,8.0,54.32112174985737
R_104_98,0.11273328993055555,124.37556640625,2.419523663949274,0.6978960503472222,14.498693482453595,0.0,54.0,10.616071428571429,8.0,20.707833924816185
R_103_244,0.4120594618055556,18.621175130208332,5.058581633391204,3.4036485460069446,9.683694928025659,1.0,880.0,125.59375,19.0,336.6933798218865
R_10_307,1.3461121961805556,2.598210720486111,1.8759035815329215,1.7933159722222223,2.2532318980572885,1.0,637.0,140.15384615384616,94.0,299.35731835885235
R_104_135,0.23142361111111112,34.160970052083336,1.635700434027778,1.1792198350694445,5.426534044358236,0.0,8.0,4.0,4.0,7.535533905932738
R_107_393,0.10922634548611111,13.267305772569445,0.8704217915331199,0.7225466579861111,2.0161570435170812,0.0,173.0,39.86046511627907,30.0,75.65049538240673
R_105_326,0.04869791666666667,0.7223893229166667,0.26371953529602155,0.22429850260416667,0.40335539161467115,0.0,610.0,55.652542372881356,25.0,151.27905606367207
R_101_127,0.06466796875,46.120365668402776,1.592592438682033,0.6021082899305555,8.163922720704464,0.0,18.0,6.096774193548387,5.0,10.469378339080837
R_10_59,1.1547829861111112,3.914345703125,2.5166651146053094,2.54642578125,3.0899379954800925,0.0,1506.0,167.66666666666666,46.5,432.0375535130928
R_10_309,0.676064453125,3.474955512152778,1.9029669998879937,1.8924186197916666,2.4560822039177417,1.0,2251.0,247.55913978494624,65.0,624.7258398272027
R_104_455,0.37621961805555554,23.62234592013889,1.949494765998357,1.1810026041666666,4.611987213909751,0.0,342.0,49.432432432432435,25.0,116.86990719380958
R_107_258,0.45768446180555555,2.764306640625,1.001237603593423,0.9440190972222222,1.3205049578559525,1.0,117.0,25.88235294117647,5.0,64.41405471416454
R_103_347,0.1694748263888889,68.76339084201389,2.2966353777985073,1.2035286458333334,10.502761305547644,0.0,1117.0,83.63636363636364,30.5,238.3547428274091
R_104_427,0.3465744357638889,1.6611631944444445,0.8135645937821502,0.7927864583333333,1.119683588602563,2.0,139.0,58.0,40.0,102.0016233466773
R_107_347,0.14067491319444445,35.35717881944444,1.1397332434275789,0.5695323350694445,5.270335023897299,0.0,840.0,99.26415094339623,43.0,266.83831373587407
R_106_251,0.23956597222222223,57.75113715277778,2.553999376085069,1.1144563802083334,11.41183451944871,2.0,1115.0,256.36842105263156,111.5,555.0897681527282
R_104_306,0.8512109375,14.052936197916667,4.075435353973765,4.0947450086805555,6.08159821561013,0.0,1833.0,107.26086956521739,18.0,476.09407298794326
R_103_255,0.17366536458333334,38.24539713541667,1.723103479456018,0.6265494791666667,7.565512038866451,0.0,481.0,31.506666666666668,10.0,106.19274271538916
R_10_66,0.3736111111111111,63.52881727430555,2.172646947337962,0.9226812065972222,9.38881570694063,16.0,457.0,159.0909090909091,69.0,317.1331672749177
R_105_164,0.0452734375,14.695120442708333,0.6793841443352372,0.5675965711805555,1.9919835077107462,0.0,471.0,25.50413223140496,7.0,88.86471960645572
R_106_376,0.07882595486111112,23.463610026041668,0.6060944331918724,0.2755891927083333,3.1684118071782255,1.0,362.0,29.790123456790123,12.0,83.4658107707569
R_108_8,0.036456163194444446,143.07564670138888,6.7371216534173985,0.6705284288194444,30.828536204982292,0.0,152.0,17.307692307692307,9.0,43.8290468832171
R_101_179,0.18789496527777777,30.68805013020833,1.7711517643439858,1.4075238715277778,5.477512645096831,0.0,3745.0,244.93069306930693,29.0,793.3846363223541
R_107_303,1.072902560763889,27.03388671875,2.714953309623756,1.958166232638889,5.844142430408654,0.0,32.0,11.6,8.0,21.245724441429996
R_105_37,0.019404296875,51.05890516493056,1.8183618164062503,0.7503130425347222,7.882743910799023,0.0,586.0,28.48148148148148,8.5,106.36773299985275
R_105_368,0.014345703125,8.082239583333333,2.0226834972993832,1.5147699652777777,4.108366188038637,4.0,12.0,8.333333333333334,9.0,11.633164978870555
R_105_101,0.02890625,18.397824435763887,1.1413332832532057,0.9808420138888889,2.7900190034884274,0.0,3118.0,350.4778761061947,123.0,888.6173799680912
R_101_384,0.6268033854166667,7.328088107638889,2.6599775838431445,2.4085563151041667,3.9492699635145616,15.0,237.0,74.125,50.5,140.76664895168784
R_108_29,0.08288411458333333,1.6737934027777779,0.8373840591755317,0.7069493272569445,1.2205663800225586,1.0,9.0,4.238095238095238,4.0,6.586443429702467
R_10_16,0.5115559895833334,3.986384548611111,2.230369204925411,2.517051323784722,3.0601478445600856,0.0,1499.0,137.9814814814815,19.0,438.31515337306155
R_105_89,0.013777126736111112,30.48698025173611,1.2910246205757168,0.4668234592013889,5.153102585165958,0.0,261.0,40.57377049180328,11.0,107.32470442433609
R_101_446,0.23341796875,41.144992404513886,5.663270352128626,4.395602213541666,12.069033708116757,2.0,48.0,17.0,13.0,28.29832615536671
R_104_107,0.07345052083333334,125.34911783854167,8.090173636642154,1.296560329861111,33.820608585657894,41.0,41.0,41.0,41.0,41.0
R_107_192,0.03770616319444445,23.15772894965278,0.9904111180160985,0.3027164713541667,4.399698792018108,0.0,1136.0,252.7906976744186,124.0,561.4631407638027
R_106_250,0.37759223090277777,57.31018771701389,1.9249007293783877,1.2924891493055555,6.997139406669417,1.0,599.0,71.77049180327869,27.5,188.34381966437468
R_106_95,0.38192057291666665,29.175674913194445,1.4052489217122397,0.9339567057291667,4.924753256240593,1.0,280.0,54.5,32.5,114.69718941033065
R_103_158,0.11033203125,16.237606336805555,1.1323974756006008,0.7068147786458333,3.040825811936169,0.0,1727.0,96.68493150684931,17.0,338.86050897263283
R_105_263,0.08309136284722222,40.81758680555556,1.5135111936095205,0.72501953125,6.3425645944531075,0.0,178.0,21.125,6.0,57.289832217027005
R_108_9,1.1313519965277778,4.696060112847222,2.5114177207341277,2.4902213541666667,3.3931131182994156,0.0,38.0,5.914893617021277,3.0,13.679597683758256
R_106_19,1.3356293402777777,29.64842556423611,5.669922340029761,5.332394748263889,9.784850687631543,0.0,7.0,3.1875,3.5,5.3444292408421745
R_107_254,0.13553819444444445,27.583608940972223,1.3989223034633196,0.7514903428819444,4.481935605840089,0.0,100.0,26.177777777777777,20.0,48.217427794044056
R_107_443,0.20026258680555556,16.68735894097222,1.417526886878655,0.9396104600694445,3.9316860170548202,174.0,3618.0,1220.448275862069,964.0,2148.800898604203
R_105_157,0.030815972222222224,1.3129351128472222,0.5084945604996979,0.44935167100694445,0.8368897590634907,0.0,759.0,80.43478260869566,29.0,235.37420305282103
R_101_263,0.1629025607638889,19.681544053819444,0.9223662304131057,0.5608002387152777,3.0978687179600755,1.0,1338.0,269.1168831168831,160.0,538.7115270781878
R_104_323,1.2622287326388888,43.23034830729166,5.087231524559141,4.140657552083334,10.795740049293677,0.0,10783.0,1219.3333333333333,147.0,3429.6624344046504
R_101_208,0.04587565104166667,33.954616970486114,1.5288653029057018,0.6122688802083334,6.578123588951846,0.0,679.0,35.208333333333336,11.5,124.44318849094537
R_106_373,0.07436957465277778,44.49475368923611,1.9777154966307675,0.9077528211805556,8.044404715830492,0.0,4566.0,329.7739130434783,90.0,943.1807793787817
R_107_329,0.09394097222222222,23.088674045138887,0.9931845553156055,0.819677734375,3.03613919560967,0.0,107.0,14.29245283018868,9.0,31.63090773574257
R_106_376,0.07882595486111112,23.463610026041668,0.6060944331918724,0.2755891927083333,3.1684118071782255,0.0,292.0,26.506172839506174,14.0,66.09889054402079
R_108_7,0.46720703125,3.0735243055555554,1.6453171433151896,1.5551616753472222,2.182833139163323,11.0,799.0,282.57142857142856,95.0,574.6261480739106
R_100_24,0.06590060763888889,0.8314615885416666,0.43844046733276654,0.44218641493055555,0.6223021041617545,2.0,178.0,36.93333333333333,17.0,83.16963460793309
R_100_347,0.07423285590277778,79.78987738715277,2.0072898211212014,0.6901920572916667,11.733203232940351,0.0,467.0,51.6,30.0,122.61816056780677
R_104_153,0.6967610677083333,26.996110026041666,3.9476868379702883,3.5007801649305557,7.0445026128867365,3.0,156.0,46.56,17.0,100.51040685666791
R_103_256,0.08267035590277778,23.508420138888887,0.6696628916966736,0.29899305555555555,3.239204847986054,1.0,300.0,35.41975308641975,22.0,83.36825019787963
R_105_101,0.02890625,18.397824435763887,1.1413332832532057,0.9808420138888889,2.7900190034884274,0.0,3118.0,348.53097345132744,120.0,887.4295727889754
R_105_205,0.02316189236111111,4.722291666666667,2.3970820787217884,2.171795247395833,3.8112276586686447,1.0,290.0,76.6875,46.0,157.38114810039264
R_103_429,0.02066623263888889,22.03504665798611,0.7733778754340278,0.2338916015625,4.179798382936238,9.0,35.0,25.25,28.5,35.006408150543926
R_108_39,0.05611870659722222,42.50481228298611,1.6292832623106062,0.9474045138888889,7.2171199251947025,0.0,282.0,37.68518518518518,26.5,81.80195955187321
R_103_127,0.10680121527777778,39.70809136284722,1.9865012779706792,1.0390570746527779,7.690252143470555,3.0,3683.0,415.20454545454544,114.0,1159.0506646688948
R_103_289,0.2546571180555556,34.326504991319446,1.0211310922679537,0.6158414713541667,4.7285774043241275,1.0,138.0,25.625,18.5,53.34474702265517
R_103_234,0.5867078993055556,5.222213541666667,2.4611617254273503,2.3060546875,3.587637383381428,42.0,42.0,42.0,42.0,42.0
R_101_381,1.2772569444444444,11.578848741319444,4.1330760061005005,2.410769856770833,7.315331901840242,12.0,1425.0,308.42857142857144,162.5,688.1791877707242
R_100_305,0.10257921006944444,39.69598524305555,1.975257888812577,1.0484635416666668,7.648449477461222,1.0,3789.0,392.52272727272725,121.0,1083.4097884496266
R_104_353,0.057045355902777775,20.751253255208333,1.3018378437030778,0.53150390625,5.123252046542304,0.0,2123.0,333.22857142857146,82.5,848.7997989153707
R_103_292,0.03654730902777778,38.96961480034722,1.0494273244598764,0.5458859592013889,5.091430188659834,0.0,304.0,30.431818181818183,19.5,70.99232165685854
R_103_7,1.1347894965277778,4.5321647135416665,2.3653714667426216,2.194072265625,3.2259323880927164,484.0,1355.0,919.5,919.5,1355.0
R_100_302,0.04060329861111111,41.285390625,0.9668169550207533,0.47991970486111113,5.322409864456278,0.0,298.0,21.03529411764706,9.0,63.976689765758124
R_104_309,0.6096017795138889,15.420660807291666,3.916281105324073,1.9228678385416667,7.560021593511397,0.0,792.0,75.6,18.0,268.453588679772
R_100_440,0.13693467881944443,47.44126736111111,1.2702835006440407,0.559765625,7.185608084561617,9.0,90.0,31.9,22.5,56.1629346947149
R_10_169,0.9098046875,2.923369140625,1.8376007267656624,1.9172797309027776,2.376947706378199,0.0,1676.0,252.29032258064515,50.0,631.2532702586459
R_103_368,0.19314995659722223,53.51966905381944,1.6964298822998691,1.003916015625,6.387933893198195,0.0,4611.0,222.15,74.5,763.6565196591204
R_103_158,0.11033203125,16.237606336805555,1.1323974756006008,0.7068147786458333,3.040825811936169,0.0,1715.0,102.4054054054054,16.0,353.5324282293206
R_105_122,0.06342230902777778,27.095008680555555,1.3084797782512627,0.9861745876736111,3.847247982521286,0.0,153.0,15.680555555555555,5.5,43.88557204636644
R_104_305,0.35589192708333334,23.68191623263889,1.7801912405727298,1.292785373263889,5.049922301277691,2.0,2180.0,269.4222222222222,65.5,689.4263485981896
R_104_373,0.08294053819444444,28.356348741319444,1.3487635754243827,0.8179947916666667,5.431815140501578,0.0,3.0,1.5714285714285714,1.0,2.621209889764219
R_105_294,0.06215928819444445,2.289896918402778,0.8694101453993056,0.8347856987847222,1.3552088435191556,1.0,6803.0,330.13,60.5,1254.974707559058
R_107_152,0.3769650607638889,40.81098415798611,2.2347509106470667,1.5448556857638889,7.093464774393295,0.0,2498.0,219.25510204081633,73.5,632.1786090951505
R_107_73,0.7873719618055556,30.25704861111111,3.542001375960402,2.2828483072916668,8.326414565189602,1.0,6342.0,592.6891891891892,55.5,1944.196215154825
R_104_232,0.10222547743055556,26.974483506944445,1.0091370498352923,0.3257546657986111,4.686164423419472,3.0,5057.0,472.28205128205127,96.0,1517.5247527932645
R_103_160,0.046123046875,80.77109375,1.7030667305236284,0.5337065972222222,10.422045114274882,0.0,4747.0,240.28235294117647,55.0,884.640156572316
R_105_26,0.07121853298611111,47.379908854166665,1.4405498342803034,0.27735243055555553,6.800989914842134,3.0,954.0,186.48275862068965,70.0,460.7757834970767
R_106_154,0.33849934895833333,4.077379557291667,1.3204617211612657,1.1169341362847223,2.000365339915284,0.0,203.0,65.36363636363636,25.0,132.48262531375352
R_101_133,0.26474934895833335,34.496516927083334,1.9216913390790342,1.421833224826389,5.581560579217239,1.0,859.0,186.75757575757575,114.5,395.5837366496223
R_105_408,0.04723415798611111,32.19236111111111,1.6855338746396749,1.2017220052083333,4.416333793308544,0.0,299.0,29.84090909090909,8.0,90.852809264645
R_107_183,0.25568576388888886,18.44178493923611,2.2477160173965425,2.0450651041666665,4.7844181592595,3.0,5189.0,701.8367346938776,472.0,1691.0558731847807
R_10_206,1.412976345486111,4.388208550347223,2.941675268308081,2.9102799479166666,3.564613380165472,8.0,1316.0,165.77777777777777,88.0,397.80185592378865
R_101_236,0.3653157552083333,23.86741753472222,2.083385842184095,1.097353515625,6.491163543799608,0.0,1115.0,190.46808510638297,83.0,441.02855057086913
R_103_49,0.2535579427083333,29.167475043402778,2.024153218381734,1.23052734375,6.841282075969121,1.0,5.0,2.3333333333333335,1.0,4.21895141649746
R_106_348,0.024610460069444444,1.017666015625,0.4173490867701247,0.21816948784722223,0.7494684287731214,0.0,7.0,1.9189189189189189,1.0,3.3962865263477244
R_107_348,0.2005349392361111,34.64529405381944,1.4797646512197296,0.9144856770833334,5.318504668246058,0.0,3152.0,122.78688524590164,14.0,531.6386205575517
R_101_185,0.5356792534722222,33.40238064236111,1.9495762754942438,1.1720844184027779,6.194770568524246,0.0,6154.0,776.4509803921569,218.5,1962.4599628288868
R_105_211,0.08059136284722222,16.428174913194443,1.2385224683357008,1.0512603081597223,2.970990798244352,4.0,8715.0,901.6455696202531,222.0,2374.3647032404438
R_100_32,0.05828667534722222,1.3161338975694445,0.4506489732530382,0.4115212673611111,0.7004479643020001,0.0,718.0,189.77777777777777,126.0,363.68237162204946
R_107_11,1.4874381510416668,32.75909396701389,4.2050185262266595,3.977367621527778,7.051935912448055,0.0,5.0,2.48,2.0,3.8691004283348267
R_104_392,1.311603732638889,51.27399522569444,5.105632568016,4.591225043402778,10.515354182153747,1.0,2222.0,198.16883116883116,42.0,626.6510332146831
R_104_337,0.08062174479166667,22.395788845486113,1.017232754879071,0.5920024956597223,3.8666438407125696,0.0,4000.0,506.64912280701753,169.0,1301.5028882658867
R_103_233,1.2500347222222221,46.72391710069444,6.224872708671533,4.184774305555556,12.51108150146746,14.0,305.0,119.14285714285714,118.0,205.88455673987676
R_10_241,1.0478168402777779,5.309474826388889,2.5367107972349254,2.315349934895833,3.4767873124157314,0.0,1207.0,122.04878048780488,32.0,334.5150706369302
R_10_217,0.35469835069444444,4.911980251736111,2.334552625868056,2.506141493055556,3.5186481929786506,0.0,735.0,42.93,14.0,141.3201676998266
R_107_202,0.058162977430555554,0.6259071180555555,0.29514844450044814,0.24472276475694443,0.4534033132852934,0.0,148.0,26.78688524590164,14.0,58.88923935706667
R_103_141,0.14916558159722224,46.56466905381944,1.8209522945045404,0.3656233723958333,8.27192405581568,1.0,702.0,96.09803921568627,54.0,229.34736396134844
R_101_106,0.325693359375,2.8555794270833332,1.5273619119957007,1.5289973958333334,2.090289773972727,0.0,884.0,120.3170731707317,55.0,302.81658055722227
R_104_162,0.06424153645833333,28.838633897569444,1.4741169368642413,1.1276877170138888,4.800757005021843,0.0,1314.0,196.71428571428572,125.0,432.8741070736562
R_10_159,1.6415223524305556,4.338552517361111,2.7516681036505246,2.7245556640625,3.398118770138778,0.0,2409.0,398.1095890410959,176.0,900.5274024425703
R_108_22,0.294423828125,1.756672092013889,0.7514821256589614,0.7292447916666667,1.015502285521041,5.0,18.0,9.8,7.0,14.507440918375929
R_10_200,1.5995084635416668,4.711399739583333,2.831658551569836,2.707068142361111,3.5909711954151975,2.0,1387.0,157.4,59.5,380.24981489783653
R_104_32,0.044653862847222225,49.388333333333335,1.5791776283341235,0.6876627604166666,6.780824318408351,0.0,592.0,68.91954022988506,26.0,176.47612447084038
R_106_347,0.1953960503472222,36.065288628472224,2.0087751405072973,1.3770475260416666,6.550385250748751,1.0,460.0,113.6896551724138,81.0,230.32468967017903
R_104_166,0.10229383680555555,0.7566026475694444,0.3741536319221866,0.32133572048611114,0.5478861749020101,0.0,2266.0,171.76923076923077,66.0,514.0731114740252
R_107_152,0.3769650607638889,40.81098415798611,2.2347509106470667,1.5448556857638889,7.093464774393295,0.0,2498.0,219.25510204081633,73.5,632.1786090951505
R_100_435,0.18556098090277778,38.20212348090278,1.6707241988788484,0.6284993489583334,7.333716544163969,0.0,722.0,39.4625,11.0,143.39167585428072
R_103_317,0.13146158854166667,1.8796853298611111,0.7515145642685622,0.7411501736111111,1.1574295468796179,2.0,1483.0,159.14018691588785,63.0,405.523500792811
R_106_389,0.05001302083333333,27.676920572916668,0.5147130249669314,0.17309787326388887,3.4972783328539467,55.0,525.0,250.54545454545453,208.0,401.84128975603164
R_105_264,0.05507486979166667,39.62085828993055,1.2464036435960772,0.8659016927083333,5.211501813529432,0.0,136.0,16.15625,11.5,35.131743035425984
R_107_324,0.17674153645833332,23.06297634548611,0.959404426611564,0.5128814019097222,3.8750380717099375,0.0,2211.0,227.0597014925373,3.0,752.3706649951378
R_107_104,1.4624077690972221,4.426806640625,2.8346242545171028,2.8044943576388888,3.543365350350295,2.0,140.0,17.72222222222222,10.5,48.06069350055417
R_101_179,0.18789496527777777,30.68805013020833,1.7711517643439858,1.4075238715277778,5.477512645096831,0.0,3745.0,243.0686274509804,29.0,788.7685604351254
R_103_104,0.06652669270833333,53.38659613715278,1.1153654587870896,0.5188661024305555,6.7297805505857475,1.0,1067.0,67.3452380952381,15.5,228.49951895438574
R_107_105,0.8448882378472222,29.939734157986113,2.0181731098395934,1.5151790364583333,5.381584537925848,205.0,205.0,205.0,205.0,205.0
R_107_357,0.133681640625,25.57337890625,1.746798754647857,1.2180512152777778,5.076611337046176,0.0,1920.0,65.02479338842976,6.0,312.69778036156936
R_103_339,0.08684787326388889,56.211422526041666,1.6536179126439705,0.418037109375,9.31806700689969,0.0,38.0,7.083333333333333,5.0,14.712862953317924
R_107_363,0.0938302951388889,1.4487489149305555,0.5951796538254311,0.5631624348958333,0.9176157355049397,1.0,854.0,129.1958762886598,61.0,294.96566070757603
R_104_290,0.7883029513888888,16.609479166666667,2.7272465869633833,2.1370713975694446,4.674499796351693,0.0,135.0,20.86046511627907,10.0,47.30793951572311
R_10_272,1.2099815538194445,6.830315755208333,3.886578914141414,3.8212852647569444,5.073868843922142,0.0,2189.0,298.0,97.0,716.3436917708267
R_104_141,0.058819444444444445,28.014115668402777,1.4179911614710987,0.8804096137152777,3.9621856149764465,0.0,3069.0,459.5365853658537,161.0,1099.0400168698711
R_100_6,1.2282269965277777,3.547839626736111,2.1910632694128793,2.188927408854167,2.8676800537827685,1.0,151.0,28.166666666666668,14.0,64.95623342440685
R_104_173,0.231171875,1.6592122395833333,0.859392864331723,0.8194325086805555,1.2287815491724507,1.0,68.0,15.48,6.0,32.28266645506004
R_103_165,0.34458984375,72.42067057291666,2.2932809047506324,1.138720703125,11.007737967181333,1.0,855.0,144.125,80.0,307.355712872915
R_105_141,0.044796006944444446,29.250120442708333,2.7126929461251477,2.019458550347222,6.915745014941837,2.0,3414.0,199.0581395348837,62.5,657.5126554156004
R_104_12,0.08975911458333333,46.02960394965278,0.8716664119112325,0.41460720486111113,5.107071558586534,1.0,1378.0,176.94690265486724,71.0,424.0328158674695
R_103_46,0.04397677951388889,32.46681206597222,1.0066570216049386,0.422978515625,4.903331612798068,0.0,1927.0,51.450980392156865,7.5,272.1364378343947
R_107_224,0.14839301215277778,0.8998470052083334,0.46113413575542006,0.40444444444444444,0.6823994215059439,6.0,1102.0,220.53658536585365,133.0,464.26925555015526
R_107_149,0.8287532552083333,6.656477864583334,2.7970487046515795,2.332141384548611,4.320546535363526,0.0,808.0,121.8125,69.0,267.6103989689152
R_107_176,0.06298719618055555,33.47099609375,1.9018563114103133,1.3479058159722221,6.227831798735214,272.0,3831.0,1950.2857142857142,1791.0,2957.8561604986
R_106_327,0.2938997395833333,1.7510492621527778,0.7477565311606413,0.7268614366319444,1.0063320303112648,4.0,7.0,5.0,4.0,6.414213562373095
R_108_31,0.04665364583333333,142.9109233940972,8.041018781565661,1.5829448784722222,34.08106619686873,0.0,229.0,81.14285714285714,73.0,148.39702020344092
R_104_102,0.15314019097222223,1.570400390625,0.8931388464296499,0.9027186414930556,1.2258486934897355,0.0,85.0,14.89010989010989,11.0,31.168222039642444
R_10_283,0.18357855902777778,61.53423828125,1.276606472713243,0.5443739149305555,7.388804524051077,11.0,101.0,38.166666666666664,30.0,68.14119288848079
R_103_379,0.3178070746527778,3.6460872395833333,1.6127309971316426,1.5216590711805555,2.3017968637919752,0.0,4.0,2.2857142857142856,3.0,3.5634674157141655
R_100_436,0.08031684027777777,23.490547960069446,0.6093475477430554,0.29855034722222223,3.190110528959053,0.0,266.0,27.734177215189874,12.0,69.75337381092302
R_10_371,0.6127723524305555,2.7785221354166665,1.478673731486003,1.448832465277778,1.8764166730410414,0.0,626.0,74.4251968503937,32.0,172.49527621959243
R_105_89,0.013777126736111112,30.48698025173611,1.2910246205757168,0.4668234592013889,5.153102585165958,0.0,259.0,43.916666666666664,9.5,113.159787063008
R_101_258,0.07474175347222223,22.285669487847223,0.9551268807870371,0.5269108072916666,3.7472234178241304,2.0,1951.0,394.08620689655174,157.5,926.1411134643362
R_106_374,0.13091796875,2.0006814236111112,0.6982307023157958,0.5490190972222222,1.1219250403114644,0.0,655.0,49.58119658119658,15.0,148.48192720653782
R_105_286,0.06549045138888888,1.10330078125,0.4558952437106919,0.4263780381944444,0.712725003326486,0.0,541.0,81.62264150943396,43.0,194.9928359910349
R_107_328,0.20391493055555557,18.12157009548611,1.0945825674019607,0.5485698784722222,4.070448745243741,2.0,437.0,40.09375,11.0,123.17893195766018
R_103_109,0.07137261284722222,48.08337673611111,2.1174178670858366,1.97845703125,6.584916275285169,0.0,23.0,4.238095238095238,3.0,9.23242308652453
R_105_352,0.07639865451388889,33.249714626736115,1.1994559689320121,0.6988617621527777,5.23318211938261,0.0,172.0,43.83606557377049,31.0,85.96085299955854
R_100_133,0.11039171006944444,1.069716796875,0.444212870096659,0.4394986979166666,0.6623660578405799,0.0,322.0,57.61643835616438,42.0,111.57624839700367
R_100_45,0.028684895833333335,36.229815538194444,0.902212086687184,0.5505723741319444,4.013910147230581,0.0,197.0,25.446153846153845,10.0,62.74640369857781
R_10_154,1.7317198350694445,6.386276041666667,3.699417583857442,3.5035384114583334,4.8267149836404695,2.0,920.0,176.98076923076923,53.0,418.5189084698976
R_100_173,0.16211480034722223,46.572685546875,2.2999296351841503,1.1099864366319445,8.2751466925743,0.0,1325.0,154.48529411764707,64.5,402.005078986219
R_105_260,0.054110243055555556,35.17551540798611,1.8605893757320942,1.41224609375,5.648624856873926,2.0,185.0,27.176470588235293,18.0,67.55735612774541
R_107_421,0.02861979166666667,22.24900390625,0.36737669958402086,0.10714084201388889,2.558634807549314,0.0,884.0,81.53,23.5,232.76144216729534
R_104_376,0.03692491319444444,35.408129340277775,1.3184841579861113,0.8598893229166666,5.342862635621872,0.0,1315.0,86.7719298245614,10.0,298.6516555168363
R_103_84,1.1110167100694444,33.97698784722222,5.676280274629883,3.918355034722222,10.790536544238538,123.0,687.0,491.3333333333333,664.0,751.9535337954021
R_100_388,0.04050564236111111,149.50292209201388,9.239319943752827,0.7135275607638889,36.20207836900334,1.0,7169.0,1696.6521739130435,458.0,3976.4407722111523
R_104_383,0.21477864583333334,25.675794270833332,1.055660258520913,0.7249555121527778,3.726850202266073,0.0,62.0,13.452830188679245,9.0,26.972300477699164
R_107_226,0.03278754340277778,32.96687282986111,0.9108812686796768,0.4452983940972222,4.561405222174076,0.0,911.0,177.33870967741936,156.0,351.63591076800617
R_103_257,0.08571614583333333,40.22505967881944,1.587019813712522,0.6965646701388889,6.57478949872532,0.0,249.0,57.06,15.0,127.70457799435141
R_107_190,0.11678493923611111,23.642004123263888,1.1213053944730813,0.5244997829861111,3.902080632486904,0.0,3309.0,281.2395833333333,27.0,965.8244749646244
R_108_26,0.17211480034722224,28.435556640625,1.685602870294225,1.0215131293402777,5.12172906352588,2.0,4930.0,1110.2916666666667,758.5,2119.4983881054522
R_103_339,0.08684787326388889,56.211422526041666,1.6536179126439705,0.418037109375,9.31806700689969,0.0,38.0,7.083333333333333,5.0,14.712862953317924
R_106_262,0.61486328125,4.480383029513889,1.9632648335375824,1.716240234375,2.8717140246236887,8.0,2174.0,403.07142857142856,216.0,866.141894918313
R_10_241,1.0478168402777779,5.309474826388889,2.5367107972349254,2.315349934895833,3.4767873124157314,1.0,1241.0,123.95061728395062,34.0,343.87427975444007
R_105_281,0.059140625,40.65310763888889,0.8251358704229801,0.44505696614583334,4.647079474803167,1.0,17.0,8.25,9.5,13.87916512459885
R_100_112,0.15415690104166666,50.76891276041667,1.2327803911140451,0.4975770399305556,7.1581085847615205,0.0,26.0,10.31578947368421,9.0,17.91116640261412
R_103_234,0.5867078993055556,5.222213541666667,2.4611617254273503,2.3060546875,3.587637383381428,42.0,42.0,42.0,42.0,42.0
R_104_243,0.39648763020833333,24.48130425347222,1.6207580965328838,1.1774137369791666,4.474082065524371,10.0,2288.0,251.83636363636364,153.0,608.7629801652755
R_10_202,1.1015483940972222,6.469307725694445,3.4249766175176046,3.635337456597222,4.788168909861046,0.0,2086.0,295.83098591549293,109.0,718.5628786375587
R_101_301,0.2537478298611111,28.763916015625,2.4801814499772843,2.139226345486111,5.219045037529144,0.0,1063.0,143.26315789473685,57.0,343.0338401400667
R_101_134,0.14571723090277777,48.370146484375,1.361498168089965,0.7352810329861111,5.885552622565486,0.0,1067.0,92.97727272727273,50.5,277.65949225785937
R_105_131,0.07384548611111111,22.574689670138888,2.0822845548862117,1.8283908420138888,4.656261297415778,12.0,5451.0,897.15,228.5,2305.5793122127216
R_104_434,1.3817198350694444,6.726536458333333,2.7564952256944446,2.344638671875,4.075465202900765,2.0,694.0,125.53333333333333,74.0,270.84085397681395
R_104_82,0.15996419270833334,32.168621961805556,1.449690866497507,0.7094970703125,6.113276931401233,0.0,86.0,18.17105263157895,10.0,37.477029452170804
R_103_67,1.3462152777777778,6.08173828125,3.4943716479104654,3.2818842230902776,4.5570736734664425,0.0,13.0,3.673076923076923,2.0,7.179780140576417
R_104_209,0.28866319444444444,22.91580620659722,1.301331535218254,0.5947135416666667,4.46479338866004,0.0,32.0,6.809523809523809,4.0,14.68727456187056
R_100_216,0.12827039930555556,28.68079318576389,0.8001298064557613,0.39120985243055556,3.9246702888933895,0.0,41.0,8.116666666666667,4.5,17.483437128725026
R_106_410,0.1800759548611111,40.45399305555556,1.3072261679292936,0.7086593967013889,5.542793554841086,0.0,1458.0,66.17241379310344,15.0,272.21058718379726
R_105_30,0.08982964409722222,31.81959418402778,1.615116729736328,1.1159960937500002,5.496146747550547,3.0,1492.0,247.578125,150.5,537.4363233427144
R_101_165,0.47966796875,23.88302951388889,1.8317214097433936,1.2920567491319446,5.231117575110082,0.0,3272.0,412.3076923076923,109.0,1088.5845569372138
R_100_289,0.06251627604166667,48.19160590277778,2.10413677444383,1.9718641493055555,6.547108211462918,0.0,25.0,4.090909090909091,3.0,9.492163919095617
R_106_4,3.664359809027778,15.046637369791666,7.717907997183248,7.904060329861111,10.505264408548333,1.0,157.0,42.875,11.0,102.31706738497577
R_105_44,0.069697265625,50.36827690972222,3.5790330674913187,2.797746310763889,10.796561118693685,2.0,2249.0,431.1818181818182,181.0,1020.0858570049093
R_103_77,0.8919053819444445,39.367221137152775,2.5107088309686296,1.6104720052083334,7.468194222475246,5.0,811.0,166.45833333333334,104.0,352.9944065128184
R_105_192,0.014976128472222221,14.388226996527777,0.4159184651870007,0.17043077256944444,1.606605431430844,0.0,1584.0,161.1864406779661,75.5,416.32043502286336
R_101_151,0.6748014322916667,30.21623046875,3.25871965268543,2.4135628255208337,7.225101650055517,1.0,5071.0,474.1621621621622,64.0,1555.218440256016
R_103_265,0.33786024305555556,2.3026182725694446,0.8653221364500661,0.7917529296875,1.2342585351317508,6.0,137.0,41.3,27.5,78.24604173656496
R_107_11,1.4874381510416668,32.75909396701389,4.2050185262266595,3.977367621527778,7.051935912448055,0.0,5.0,2.48,2.0,3.8691004283348267
R_101_382,0.7049826388888889,9.778231336805556,3.875893507801784,3.2823177083333333,6.126497270023201,7.0,1193.0,294.1666666666667,112.5,634.8963167478482
R_104_287,0.9635329861111112,6.718897569444445,2.3255822677707556,2.0793977864583333,3.4208699067832358,0.0,785.0,39.07843137254902,3.0,180.29719410101586
R_104_411,0.32032118055555553,35.90963107638889,3.9232333275941222,2.361357421875,8.501146032601632,9.0,1180.0,270.6578947368421,237.5,496.8403171908135
R_105_163,0.02446940104166667,13.286126302083334,0.5582458174085734,0.33791558159722224,1.7096474478355281,0.0,1910.0,99.27536231884058,9.0,325.12146126118955
R_105_394,0.06943467881944444,1.7265082465277777,0.8141685359942246,0.8451996527777778,1.2249556433951636,0.0,303.0,15.543478260869565,5.5,62.61036245667863
R_105_158,0.028857421875,15.178304036458334,0.9633622034956303,0.6052495659722222,3.056483394407329,0.0,866.0,67.3012048192771,15.0,226.19859043394007
R_104_165,0.10464952256944444,0.5211013454861111,0.19598575975529103,0.17380425347222223,0.28267629937553224,1.0,665.0,80.19047619047619,31.0,221.54771329111293
R_106_147,0.42878038194444446,49.91631184895834,2.075139514514514,1.107023654513889,8.474100312872157,1.0,1696.0,79.69090909090909,24.0,263.8513996446426
R_101_289,0.2659516059027778,32.55896158854166,3.142713775373932,1.1893033854166666,9.761180393658165,1.0,17.0,8.428571428571429,6.0,14.107030546957656
R_10_60,1.1382291666666666,7.2054665798611115,3.4519827039930537,3.2480761718749998,4.7410776470418465,0.0,1153.0,138.08080808080808,50.0,351.40716576826185
R_104_223,0.3597536892361111,4.944797092013889,2.123795609698682,2.110246310763889,3.0967449511262948,1.0,39.0,19.857142857142858,21.0,36.30123490460191
R_107_135,0.32103841145833334,62.653102213541665,2.665037682574729,1.3099381510416666,11.34411687632335,3.0,2204.0,363.02247191011236,213.0,809.1649638233114
R_100_175,3.493688151041667,8.076356336805556,5.603214340965346,5.4952973090277775,6.676079320767544,5.0,5.0,5.0,5.0,5.0
R_106_437,0.1367599826388889,1.8287727864583334,0.7380592190078384,0.7225206163194444,1.1511135629025693,0.0,995.0,145.47524752475246,69.0,347.98326443289227
R_105_339,0.092333984375,2.7039029947916666,0.9485236769636017,0.9269813368055555,1.4936108575448026,0.0,2440.0,203.57931034482758,67.0,574.29728417893
R_100_416,0.5046082899305555,4.459476996527778,2.419455566406251,2.2119346788194445,3.4009508522448737,6.0,1515.0,254.52941176470588,87.0,680.8695297383392
R_107_112,0.26464626736111113,37.22614149305556,1.9262009119104457,1.2382579210069444,7.036509863415049,0.0,1241.0,141.87234042553192,40.0,376.8140821422932
R_103_361,0.17680013020833332,52.52484266493055,1.5092111073369567,0.6654481336805556,7.70634485425492,0.0,139.0,39.78787878787879,30.0,74.4041804090038
R_105_158,0.028857421875,15.178304036458334,0.9633622034956303,0.6052495659722222,3.056483394407329,0.0,814.0,64.78571428571429,15.5,217.60883577780078
R_10_318,0.3193185763888889,2.3240538194444444,0.9988290572427623,0.8651486545138889,1.4922440277498263,0.0,74.0,15.070422535211268,11.0,30.84999922999413
R_100_427,0.6220193142361111,40.32554036458333,3.4975159294222613,2.6442833116319444,8.06199399926764,1.0,1294.0,249.52941176470588,126.0,554.3804105951004
R_101_308,0.18481011284722224,32.808390842013885,2.2844257096815896,1.3731212022569443,6.782536463034901,9.0,1134.0,344.54716981132077,317.0,572.7516102653432
R_101_440,1.3151356336805555,32.27752821180555,9.036645184483726,6.190582682291667,16.740216760181596,1.0,4699.0,633.5411764705882,232.0,1526.204508738183
R_108_12,0.05975260416666667,144.24519097222222,1.7650630088601522,0.6883409288194444,13.766512853892976,0.0,501.0,29.98507462686567,2.0,124.43643501265245
R_107_411,0.27853624131944443,58.67778754340278,2.652493796471661,1.9239453125,8.412652602718818,3.0,22.0,9.5,7.5,15.575908711186061
R_103_191,0.027216796875,143.03158528645832,6.751226139894005,0.6856022135416666,30.835654965238298,0.0,158.0,13.19047619047619,7.0,39.635301736997405
R_100_40,0.035563151041666664,32.66873046875,0.6819735330737935,0.27868272569444447,3.919662061822881,0.0,3146.0,133.50515463917526,31.0,510.1656877322039
R_104_421,0.217548828125,1.190715060763889,0.6756657841435182,0.6532628038194445,0.9265049616285648,5.0,1824.0,373.4864864864865,152.0,819.9473513687726
R_107_256,0.06061848958333333,2.8023253038194444,1.061900419560185,1.0379405381944444,1.7565996259662204,0.0,263.0,35.258620689655174,16.5,85.27777576008367
R_103_68,3.2968739149305555,7.134839409722222,4.851170578433969,4.908919270833334,5.62869746813801,0.0,3346.0,48.13095238095238,5.0,410.2601643824246
R_10_3,0.7706499565972222,3.9751302083333333,2.342708197699653,2.374761827256944,3.074356988464683,0.0,365.0,49.89873417721519,13.0,133.32528717584466
R_101_296,0.1499294704861111,31.39165581597222,2.133120482355102,0.6076768663194445,8.406128010208349,0.0,1115.0,90.0909090909091,31.0,276.04724647230853
R_100_229,0.019887152777777778,47.32596571180556,2.9518389580987234,1.4109700520833335,9.60513085661357,0.0,94.0,15.552631578947368,7.5,34.899462365819026
R_103_323,0.23765299479166666,54.67844184027778,1.5405721182193393,0.45953016493055554,8.91205192594361,2.0,1302.0,337.3269230769231,144.0,726.3500942848685
R_101_56,0.033569878472222224,29.892940538194445,0.6896214406012583,0.15712999131944444,4.2546850876464966,0.0,16.0,3.24,2.0,6.529741631192334
R_107_256,0.06061848958333333,2.8023253038194444,1.061900419560185,1.0379405381944444,1.7565996259662204,0.0,263.0,35.258620689655174,16.5,85.27777576008367
R_100_342,0.17846245659722224,73.82897569444444,1.4644922271976624,0.5539995659722222,9.508782136626316,5.0,2886.0,214.1604938271605,81.0,658.873730790735
R_104_125,0.015096571180555556,31.715047743055557,1.3525122568558674,0.21639594184027777,6.514293051973947,0.0,628.0,31.705263157894738,9.0,115.80306007305401
R_101_114,0.0003884548611111111,140.630146484375,10.601856028238927,1.3544737413194445,40.96170445599286,1.0,274.0,82.03448275862068,75.0,150.83177759247735
R_101_62,0.07000542534722222,43.151705729166665,1.6458739480854556,0.83203125,6.566364907099624,0.0,158.0,29.957894736842107,16.0,66.52561584640559
R_104_303,0.45790147569444445,32.23177191840278,2.6617637375502556,1.6525493706597223,7.812949919319648,0.0,1297.0,121.40816326530613,19.0,374.2175952747803
R_100_136,0.0058094618055555556,121.40584418402777,8.257090871710531,0.34353461371527777,33.96335067631584,0.0,68.0,16.526315789473685,12.0,32.91748292640458
R_103_369,0.5692523871527778,45.28210503472222,2.387804457720588,1.7316140407986111,7.66241630924638,1.0,2406.0,691.5671641791045,578.0,1268.0412441618546
R_104_70,0.206796875,2.1251063368055556,0.8225263400607641,0.7424061414930556,1.25747598435073,0.0,812.0,77.37974683544304,35.0,198.21736188167978
R_108_54,0.33709743923611113,2.959486762152778,1.5340971635698195,1.5742073567708332,2.1913918869332982,16.0,324.0,106.8,72.0,217.9708594911454
R_107_356,0.043121744791666666,17.293421223958333,0.4494473463743542,0.2233832465277778,2.28347721781456,0.0,500.0,43.0,11.0,132.84688873096354
R_103_149,0.1903276909722222,44.38931206597222,4.279265950520832,0.8193218315972222,13.415400633608861,13.0,39.0,24.0,22.0,34.04987562112089
R_106_116,0.1043576388888889,37.35566948784722,1.538180830841692,0.8500330946180555,5.825896956529445,0.0,620.0,131.45454545454547,61.0,277.115024674585
R_105_132,0.021145833333333332,26.999115668402776,4.164496701924726,3.728703342013889,7.814075144449629,3.0,616.0,100.76470588235294,20.0,292.1827975381543
R_103_348,0.10195203993055556,66.41796115451389,2.0744935481426365,0.9824826388888889,10.276207842183812,0.0,1564.0,168.19672131147541,70.0,452.1124799830171
R_107_92,0.15393229166666667,1.3252745225694444,0.4981836575776145,0.4506385633680555,0.7509717994480476,8.0,2963.0,526.4705882352941,244.0,1171.4583933469808
R_103_166,0.44243815104166667,2.3212261284722224,1.059646792763158,0.9861111111111112,1.5040381916893,0.0,854.0,145.34736842105264,59.0,332.7077455399286
R_100_207,0.8279633246527778,3.9128211805555555,1.9516385924051247,1.9128732638888888,2.7216601243161733,0.0,230.0,39.42857142857143,13.5,101.6191934658831
R_105_170,0.03351996527777778,10.288990885416666,0.8135188058885083,0.5343565538194445,2.0627776184344055,0.0,780.0,162.3235294117647,44.5,374.69739794224586
R_103_47,0.1392458767361111,27.455257161458334,1.0907680266203703,0.701328125,4.179272506180251,0.0,434.0,41.84444444444444,8.0,138.02897901917754
R_107_312,0.22941297743055555,19.204165581597223,0.8868556020041425,0.5151779513888889,3.3442162399965856,1.0,1274.0,92.62162162162163,27.0,313.29422384116157
R_106_89,0.3718142361111111,2.2839756944444445,1.2626086782711992,1.2377115885416665,1.5913663825807214,0.0,12.0,3.5945945945945947,2.0,7.222261996878382
R_100_263,1.0702593315972222,33.98572048611111,5.681117335355618,3.92669921875,10.797044919414372,612.0,675.0,643.5,643.5,675.0
R_103_274,0.023313802083333335,22.94250542534722,0.5315465363268098,0.09099121093750001,3.3181150797872494,0.0,1437.0,110.76271186440678,14.0,384.0581898193336
R_100_72,1.3021126302083332,29.705702039930557,3.2556878227386044,2.3007855902777776,7.678165156764837,3.0,3.0,3.0,3.0,3.0
R_107_151,0.5722591145833333,4.195508897569445,2.0082372099592147,1.9765679253472221,2.7394186330758314,1.0,88.0,19.055555555555557,14.5,36.877116224906544
R_100_296,0.10588433159722223,50.043916015625,1.6425565636200719,0.8442203776041667,7.85522288988685,0.0,975.0,192.74576271186442,84.0,426.5326128459228
R_101_357,0.2953689236111111,1.218486328125,0.6560293491190846,0.6458213975694445,0.8917504162025928,1.0,385.0,81.18867924528301,46.0,168.7818763197551
R_106_100,0.11303927951388888,46.925888671875,1.6819837706061782,0.371259765625,7.55028604830393,8.0,730.0,242.1764705882353,190.0,421.9214648878779
R_100_269,0.2665668402777778,7.582157118055555,3.28570056199114,2.104992404513889,5.671591248861226,2.0,551.0,118.8103448275862,54.0,258.2563493198147
R_101_269,0.5391710069444444,25.385494791666666,3.4428468276515174,2.973075629340278,6.21368054426598,1.0,153.0,41.375,24.0,88.67705465939085
R_107_203,0.15907877604166668,65.93284722222222,1.748402928018162,0.7344075520833333,9.782513671848776,0.0,467.0,98.546875,36.0,219.98911045675686
R_104_2,0.22371744791666667,1.6874305555555555,0.6059028294477513,0.5401736111111111,0.9035568290936985,1.0,110.0,26.93548387096774,20.0,49.70067445187929
R_105_357,0.058190104166666666,31.493776041666667,1.2647842881944447,0.7358778211805556,5.073008134610944,4.0,585.0,153.02631578947367,97.5,310.4209734333964
R_100_432,0.06388671875,44.607326388888886,1.51448344311683,0.696123046875,6.477965058015106,0.0,4273.0,233.16949152542372,37.0,778.2115098883178
R_105_191,0.022068142361111112,16.759340277777778,0.7818531048487104,0.5060004340277777,2.728611579767027,0.0,473.0,49.15238095238095,22.0,121.16954569899252
R_105_92,0.10788519965277778,56.73074110243056,2.6138102706755046,1.6276622178819444,10.91993781751672,2.0,96.0,25.8,17.0,52.71765220073995
R_106_337,0.4467545572916667,36.61117513020833,2.4700589761078042,1.3370855034722222,6.939606745212689,0.0,155.0,60.63636363636363,58.0,103.0376344733921
R_105_348,0.039916449652777776,4.169631076388889,1.7681383654161973,1.8302289496527777,2.913638816013457,0.0,658.0,31.94736842105263,11.0,107.62999778745106
R_108_10,0.34953993055555554,40.96258029513889,2.46679665160335,1.056072048611111,8.405476544911833,0.0,939.0,88.0,13.0,299.4243900955439
R_10_278,0.3479177517361111,4.265384114583333,1.8300684864552055,1.7081022135416666,2.7817664202378465,0.0,1667.0,147.2882882882883,24.0,414.5232588712481
R_103_250,0.39107530381944444,33.160311414930554,2.4562848293895745,1.78220703125,6.188867703390613,0.0,164.0,21.17948717948718,11.0,51.17211173857075
R_107_138,1.1403721788194445,7.569542100694444,4.0798599647877465,3.6863720703125,5.649363254994132,0.0,171.0,25.842105263157894,6.0,70.30055796475895
R_104_219,0.387919921875,28.152069227430555,1.7041841171364374,0.9771082899305555,5.211881146710558,0.0,1960.0,314.2173913043478,123.0,775.4240591032644
R_100_242,0.3285959201388889,3.1295865885416667,1.4327358721211323,1.513125,2.0733360175333,9.0,68.0,39.5,40.5,62.76478024826368
R_105_334,0.042685546875,42.67976996527778,6.1217652424670455,4.8658241102430555,12.656674017726235,0.0,168.0,16.718309859154928,6.0,46.67470215524
R_10_137,1.0827734375,4.545139973958333,2.206077141794217,2.0549609375,2.9926833075152377,10.0,1101.0,356.9375,280.0,617.7872656897869
R_107_148,1.36107421875,13.000103081597222,5.4514943046471265,3.847403971354167,9.041027978260347,0.0,1171.0,60.31818181818182,22.0,236.42917119281566
R_105_312,0.029289279513888888,7.609634331597222,2.486155775282118,2.3604562717013886,4.133080100909668,0.0,331.0,26.527272727272727,13.0,79.45770890892689
R_10_224,0.6134016927083333,3.4510514322916666,2.359707149192331,2.359580078125,3.0386388811434886,5.0,1548.0,371.26666666666665,251.0,722.4617311726095
R_103_287,0.11600043402777778,39.70504774305556,1.0091666515962578,0.46825141059027775,5.606668213221097,0.0,601.0,67.47142857142858,15.0,199.71187207476527
R_107_334,0.119833984375,18.793135850694444,1.6082807763585756,0.9293717447916667,4.038416511718574,0.0,886.0,31.7,10.0,131.68015914281298
R_107_350,0.034449869791666664,38.90319118923611,2.689218558517158,2.261144748263889,7.944645705455659,0.0,1673.0,265.4736842105263,25.0,690.7654563067454
R_106_36,0.05248155381944444,43.047568359375,1.5152973524305555,0.47543077256944444,6.418746074775467,0.0,15.0,4.461538461538462,3.0,8.005013171163391
R_100_39,0.061052517361111114,32.38578559027778,1.0692905424635704,0.5069672309027777,5.125468467438641,1.0,2130.0,317.8833333333333,106.5,798.8113283480641
R_106_245,0.14352213541666667,42.83055013020833,1.6237698696049885,1.212287326388889,5.955774198541933,1.0,1796.0,242.70652173913044,114.0,566.5853416046273
R_104_234,0.0730859375,28.820899522569444,1.83505622016059,1.046018337673611,6.2268211557019475,1.0,3539.0,712.4761904761905,129.0,1879.6728572624338
R_106_192,3.0904774305555556,7.589157986111111,5.3271776400211355,5.3175238715277775,6.4957226849170695,0.0,5.0,1.9615384615384615,2.0,3.613594738070348
R_101_300,0.40138780381944444,48.55060438368056,3.1939676227767775,1.5821137152777778,11.360901991355469,0.0,1424.0,88.6219512195122,25.0,278.08007711904565
R_105_419,0.08037434895833333,2.712956814236111,1.4657874177631574,1.636740993923611,2.1567559924900497,0.0,142.0,31.43548387096774,23.0,64.21855432870304
R_101_440,1.3151356336805555,32.27752821180555,9.036645184483726,6.190582682291667,16.740216760181596,1.0,4699.0,633.5411764705882,232.0,1526.204508738183
R_103_109,0.07137261284722222,48.08337673611111,2.1174178670858366,1.97845703125,6.584916275285169,0.0,32.0,5.7727272727272725,3.0,13.721036516504263
R_103_327,0.08114908854166666,49.53890842013889,1.0235181715915536,0.2992654079861111,5.981008391262627,0.0,2510.0,109.13265306122449,15.0,421.2291398998989
R_103_109,0.07137261284722222,48.08337673611111,2.1174178670858366,1.97845703125,6.584916275285169,0.0,22.0,4.636363636363637,3.0,9.540401439731337
R_101_275,0.10711263020833334,21.876890190972222,0.9509545762803822,0.6149555121527778,3.3373897463363553,0.0,4498.0,358.9620253164557,90.0,1058.7324477605193
